State,District,City,Population,Area (in km^2),Latitude,Longitude
Andhra Pradesh,-,-,49386799,160205,16.5,80.63
Arunachal Pradesh,-,-,1383727,83743,27.07,93.37
Assam,-,-,31169272,78550,26.13,91.77
Bihar,-,-,104099452,94613,25.4,85.1
Chhattisgarh,-,-,25545198,135194,21.25,81.6
Goa,-,-,1458545,3702,15.5,73.83
Gujarat,-,-,60439692,196024,23.22,72.68
Haryana,-,-,25351462,44212,30.73,76.78
Himachal Pradesh,-,-,6864602,55673,31.1,77.17
Jharkhand,-,-,32988134,74677,23.35,85.33
Karnataka,-,-,61095297,191791,12.97,77.5
Kerala,-,-,33406061,38836,8.5,77
Madhya Pradesh,-,-,72626809,308252,0,0
Maharashtra,-,-,112374333,307713,18.97,72.82
Manipur,-,-,2721756,22347,0,0
Meghalaya,-,-,2966889,22720,25.57,91.88
Mizoram,-,-,1097206,21081,23.37,92.8
Nagaland,-,-,1978502,16579,25.67,94.12
Odisha,-,-,41974218,155820,20.27,85.82
Punjab,-,-,27743338,50362,0,0
Rajasthan,-,-,68548437,342269,26.6,73.8
Sikkim,-,-,610577,7096,27.33,88.62
Tamil Nadu,-,-,72147030,130058,13.08,80.27
Telangana,-,-,35193978,114840,17.35,78.47
Tripura,-,-,3673917,10492,23.83,91.28
Uttar Pradesh,-,-,199812341,243286,26.85,80.92
Uttarakhand,-,-,10086292,53483,30.33,78.07
West Bengal,-,-,91276115,88752,22.57,88.37
Andaman and Nicobar Islands,-,-,380581,8249,11.68,92.77
Chandigarh,-,-,1055450,114,30.75,76.78
Dadra and Nagar Haveli and Daman and Diu,-,-,586956,603,20.42,72.83
Delhi,-,-,16787941,1490,28.6,77.22
Jammu and Kashmir,-,-,1247953,55538,0,0
Ladakh,-,-,1247953,174852,34.17,77.57
Lakshadweep,-,-,64473,32,10.57,72.63
Puducherry,-,-,1247953,492,11.9,79.8
Andhra Pradesh,Anantapur,-,4083315,19130,14.7,77.6
Andhra Pradesh,Chittoor,-,4170468,15152,14.47,78.82
Andhra Pradesh,East Godavari,-,5151549,10807,16.95,82.25
Andhra Pradesh,Guntur,-,4889230,11391,16.3,80.45
Andhra Pradesh,Kadapa,-,2884524,15359,14.47,78.82
Andhra Pradesh,Krishna,-,4529009,8727,16.28,81.22
Andhra Pradesh,Kurnool,-,4046601,17658,15.8,77.97
Andhra Pradesh,Prakasam,-,3392764,17626,15.33,79.55
Andhra Pradesh,Sri Potti Sriramulu Nellore,-,2966082,13076,14.43,80
Andhra Pradesh,Srikakulam,-,2699471,5837,18.42,84.02
Andhra Pradesh,Visakhapatnam,-,4288113,11161,17.7,83.28
Andhra Pradesh,Vizianagaram,-,2342868,6539,18.2,83.4
Andhra Pradesh,West Godavari,-,3934782,7742,16.12,81.02
Arunachal Pradesh,Anjaw,-,21089,6190,27.92,96.33
Arunachal Pradesh,Changlang,-,147951,4662,27.12,95.73
Arunachal Pradesh,East Kameng,-,78413,4134,0,0
Arunachal Pradesh,East Siang,-,99019,3603,0,0
Arunachal Pradesh,Kamle,-,22256,200,0,0
Arunachal Pradesh,Kra Daadi,-,0,0,0,0
Arunachal Pradesh,Kurung Kumey,-,89717,6040,27.9,93.35
Arunachal Pradesh,Lepa Rada,-,0,0,0,0
Arunachal Pradesh,Lohit,-,145538,2402,28,96.5
Arunachal Pradesh,Longding,-,60000,1200,0,0
Arunachal Pradesh,Lower Dibang Valley,-,53986,3900,28.13,95.83
Arunachal Pradesh,Lower Siang,-,80597,0,0,0
Arunachal Pradesh,Lower Subansiri,-,82839,3508,27.8,93.6
Arunachal Pradesh,Namsai,-,95950,1587,27.67,95.87
Arunachal Pradesh,Pakke-Kessang,-,0,0,0,0
Arunachal Pradesh,Papum Pare,-,176385,2875,27.15,93.72
Arunachal Pradesh,Shi Yomi,-,13310,2875,0,0
Arunachal Pradesh,Siang,-,31920,2919,28.2,94.98
Arunachal Pradesh,Tawang,-,49950,2085,27.58,91.85
Arunachal Pradesh,Tirap,-,111997,2362,26.98,95.5
Arunachal Pradesh,Upper Dibang Valley,-,7948,9129,28.7,95.7
Arunachal Pradesh,Upper Siang,-,35289,6188,28.6,95.03
Arunachal Pradesh,Upper Subansiri,-,83205,7032,28.3,94
Arunachal Pradesh,West Kameng,-,87013,7422,0,0
Arunachal Pradesh,West Siang,-,112272,8325,28.4,94.55
Assam,Baksa,-,953773,2008,26.57,91.42
Assam,Barpeta,-,1693190,3245,26.53,91
Assam,Bishwanath,-,612491,1100,0,0
Assam,Bongaigaon,-,732639,1724,26.47,90.57
Assam,Cachar,-,1736319,3786,25.08,92.92
Assam,Charaideo,-,0,0,26.92,94.73
Assam,Chirang,-,481818,1975,0,0
Assam,Darrang,-,908090,1849,26.75,92.5
Assam,Dhemaji,-,688077,3237,27.47,94.55
Assam,Dhubri,-,1948632,2838,26.03,89.97
Assam,Dibrugarh,-,1327748,3381,27.47,94.92
Assam,Dima Hasao,-,213529,4888,25.18,93.03
Assam,Goalpara,-,1008959,1824,26.43,90.37
Assam,Golaghat,-,1058674,3502,26,93
Assam,Hailakandi,-,659260,1327,24.68,92.57
Assam,Hojai,-,931218,0,26,92.87
Assam,Jorhat,-,1091295,2851,26.75,94.22
Assam,Kamrup,-,1517202,3480,26.33,91.25
Assam,Kamrup Metropolitan,-,1260419,627,26.18,91.73
Assam,Karbi Anglong,-,965280,10434,26.18,93.57
Assam,Karimganj,-,1217002,1809,24.87,92.35
Assam,Kokrajhar,-,886999,3129,26.4,90.27
Assam,Lakhimpur,-,1040644,2277,27.22,94.1
Assam,Majuli,-,167304,880,26.95,94.17
Assam,Morigaon,-,957853,1704,26.25,92.33
Assam,Nagaon,-,2826006,3831,26.35,92.67
Assam,Nalbari,-,769919,1009,26.45,91.43
Assam,Sivasagar,-,1150253,2668,26.98,94.62
Assam,South Salmara,-,555114,568,25.68,89.98
Assam,Sonitpur,-,1925975,5324,26.63,92.8
Assam,Tinsukia,-,1316948,3790,27.48,95.35
Assam,Udalguri,-,832769,1676,26.73,92.08
Assam,West Karbi Anglong,-,300320,3035,17.35,75.17
Bihar,Araria,-,2806200,2829,26.12,87.47
Bihar,Arwal,-,700843,638,25.23,84.67
Bihar,Aurangabad,-,2511243,3303,19.88,75.32
Bihar,Banka,-,2029339,3018,0,0
Bihar,Begusarai,-,2954367,1917,25.42,86.13
Bihar,Bhagalpur,-,3032226,2569,25,86.92
Bihar,Bhojpur,-,2720155,2473,0,0
Bihar,Buxar,-,1707643,1624,25.55,83.97
Bihar,Darbhanga,-,3921971,2278,26,86
Bihar,East Champaran,-,5082868,3969,26.65,84.92
Bihar,Gaya,-,4379383,4978,24.75,85
Bihar,Gopalganj,-,2558037,2033,0,0
Bihar,Jamui,-,1756078,3099,24.92,86.22
Bihar,Jehanabad,-,1124176,1569,24.75,85
Bihar,Kaimur,-,1626900,3363,25.03,83.6
Bihar,Katihar,-,3068149,3056,25.55,87.57
Bihar,Khagaria,-,1657599,1486,25.5,86.47
Bihar,Kishanganj,-,1690948,1884,25.67,86.93
Bihar,Lakhisarai,-,1000717,1229,25.17,86.08
Bihar,Madhepura,-,1994618,1787,25.9,86.77
Bihar,Madhubani,-,4476044,3501,26.35,86.07
Bihar,Munger,-,1359054,1419,25.37,86.45
Bihar,Muzaffarpur,-,4778610,3173,26.12,85.38
Bihar,Nalanda,-,2872523,2354,25.2,85.52
Bihar,Nawada,-,2216653,2492,24.75,85
Bihar,Patna,-,5772804,3202,25.42,85.17
Bihar,Purnia,-,3273127,3228,25.77,87.47
Bihar,Rohtas,-,2962593,3850,24.95,84
Bihar,Saharsa,-,1897102,1702,25.88,86.6
Bihar,Samastipur,-,4254782,2905,25.85,85.77
Bihar,Saran,-,3943098,2641,25.92,84.75
Bihar,Sheikhpura,-,634927,689,25.12,85.85
Bihar,Sheohar,-,656916,443,26.52,85.3
Bihar,Sitamarhi,-,3419622,2199,26.6,85.48
Bihar,Siwan,-,3318176,2219,26.2,84.4
Bihar,Supaul,-,2228397,2410,25.92,86.25
Bihar,Vaishali,-,3495021,2036,0,0
Bihar,West Champaran,-,3935042,5229,0,0
Chhattisgarh,Balod,-,826165,3527,20.73,81.2
Chhattisgarh,Baloda Bazar,-,1305343,4748,21.67,82.17
Chhattisgarh,Balrampur,-,598855,3806,27.43,82.18
Chhattisgarh,Bastar,-,1302253,4030,19.07,82.02
Chhattisgarh,Bemetara,-,197035,2855,21.7,81.53
Chhattisgarh,Bijapur,-,229832,6562,16.83,75.72
Chhattisgarh,Bilaspur,-,1961922,5818,0,0
Chhattisgarh,Dantewada,-,533638,3411,18.9,81.35
Chhattisgarh,Dhamtari,-,799199,2029,20.7,81.53
Chhattisgarh,Durg,-,3343079,8542,21.18,81.28
Chhattisgarh,Gariaband,-,597653,5823,20.63,82.07
Chhattisgarh,Janjgir-Champa,-,1620632,3848,22.02,82.57
Chhattisgarh,Jashpur,-,852043,5825,22.9,84.15
Chhattisgarh,Kabirdham,-,584667,4237,22.02,81.25
Chhattisgarh,Kanker,-,748593,6513,20.27,81.48
Chhattisgarh,Kondagaon,-,578326,7769,19.6,81.67
Chhattisgarh,Korba,-,1206563,6615,22.35,82.68
Chhattisgarh,Koriya,-,659039,6578,23.25,82.55
Chhattisgarh,Mahasamund,-,1032275,4779,21.1,82.1
Chhattisgarh,Mungeli,-,701707,2750,22.07,81.67
Chhattisgarh,Narayanpur,-,140206,6640,19.72,81.25
Chhattisgarh,Raigarh,-,1493627,7068,21.9,83.4
Chhattisgarh,Raipur,-,4062160,13083,20.92,82
Chhattisgarh,Rajnandgaon,-,1537520,8062,21.1,81.03
Chhattisgarh,Sukma,-,249000,5636,18.4,81.67
Chhattisgarh,Surajpur,-,660280,6787,23.22,82.85
Chhattisgarh,Surguja,-,420661,3265,23.12,83.2
Goa,North Goa,-,817761,1736,15.48,73.82
Goa,South Goa,-,639962,1966,15.27,73.95
Gujarat,Ahmedabad,-,7208200,8707,23.03,72.58
Gujarat,Amreli,-,1513614,6760,21.42,71.25
Gujarat,Anand,-,2090276,2942,22.57,72.93
Gujarat,Aravalli,-,1051746,3217,24.02,73.03
Gujarat,Banaskantha,-,3116045,12703,24.17,72.42
Gujarat,Bharuch,-,1550822,6524,20.7,72.98
Gujarat,Bhavnagar,-,2877961,11155,21.77,72.13
Gujarat,Botad,-,656005,2564,22.17,71.67
Gujarat,Chhota Udepur,-,1071831,3237,0,0
Gujarat,Dahod,-,2126558,3642,22.83,74.25
Gujarat,Dang,-,226769,1764,0,0
Gujarat,Devbhoomi Dwarka,-,752484,5684,22.2,69.65
Gujarat,Gandhinagar,-,1387478,649,23.22,72.68
Gujarat,Gir Somnath,-,1217477,3754,0,0
Gujarat,Jamnagar,-,2159130,14125,22.22,69.7
Gujarat,Junagadh,-,2742291,8839,21.52,70.45
Gujarat,Kheda,-,2298934,4215,22.75,72.68
Gujarat,Kutch,-,2090313,45652,23.9,70.37
Gujarat,Mahisagar,-,994624,2500,23.12,73.62
Gujarat,Mehsana,-,2027727,4386,23.67,72.5
Gujarat,Morbi,-,960329,4871,22.82,70.83
Gujarat,Narmada,-,590379,2749,21.87,73.5
Gujarat,Navsari,-,1330711,2211,20.95,72.92
Gujarat,Panchmahal,-,2388267,5219,22.75,73.6
Gujarat,Patan,-,1342746,5738,23.83,72.12
Gujarat,Porbandar,-,586062,2294,21.62,69.6
Gujarat,Rajkot,-,3157676,11203,22.3,70.78
Gujarat,Sabarkantha,-,2427346,7390,23.6,72.95
Gujarat,Surat,-,4996391,4327,20.92,73.05
Gujarat,Surendranagar,-,1755873,10489,22.73,71.52
Gujarat,Tapi,-,806489,3435,21.12,73.4
Gujarat,Vadodara,-,3639775,7794,22.18,73.12
Gujarat,Valsad,-,1703068,3034,20.6,72.92
Haryana,Ambala,-,1136784,1569,30.42,77.17
Haryana,Bhiwani,-,1629109,5140,28.78,76.13
Haryana,Charkhi Dadri,-,502276,1370,28.58,76.27
Haryana,Faridabad,-,1798954,783,28.4,77.32
Haryana,Fatehabad,-,941522,2538,29.32,75.27
Haryana,Gurgaon,-,1514085,1258,28.25,77.17
Haryana,Hissar,-,1742815,3788,29.17,75.72
Haryana,Jhajjar,-,956907,1868,28.6,76.65
Haryana,Jind,-,1332042,2702,29.3,76.32
Haryana,Kaithal,-,1072861,2799,29.8,76.38
Haryana,Karnal,-,1506323,2471,29.67,76.83
Haryana,Kurukshetra,-,964231,1530,29.97,76.85
Haryana,Mahendragarh,-,921680,1900,28.03,76.1
Haryana,Nuh,-,1089406,1765,28.1,77
Haryana,Palwal,-,1040493,1367,28.15,77.33
Haryana,Panchkula,-,558890,816,30.68,76.85
Haryana,Panipat,-,1202811,1250,29.38,76.97
Haryana,Rewari,-,896129,1559,27.95,76.28
Haryana,Rohtak,-,1058683,1668,28.53,76.33
Haryana,Sirsa,-,1295114,4276,29.53,75.02
Haryana,Sonipat,-,1480080,2260,28.98,77.02
Haryana,Yamuna Nagar,-,1214162,1756,30.12,77.27
Himachal Pradesh,Bilaspur,-,382056,1167,0,0
Himachal Pradesh,Chamba,-,518844,6528,32.55,76.12
Himachal Pradesh,Hamirpur,-,454293,1118,0,0
Himachal Pradesh,Kangra,-,1507223,5739,32.22,76.32
Himachal Pradesh,Kinnaur,-,84298,6401,31.58,78.42
Himachal Pradesh,Kullu,-,437474,5503,0,0
Himachal Pradesh,Lahaul and Spiti,-,31528,13835,32.5,77.83
Himachal Pradesh,Mandi,-,999518,3950,0,0
Himachal Pradesh,Shimla,-,813384,5131,31.1,77.17
Himachal Pradesh,Sirmaur,-,530164,2825,30.63,77.43
Himachal Pradesh,Solan,-,576670,1936,30.9,77.08
Himachal Pradesh,Una,-,521057,1540,31.47,76.27
Jharkhand,Bokaro,-,2061918,2861,23.68,86.1
Jharkhand,Chatra,-,1042304,3700,24.2,84.87
Jharkhand,Deoghar,-,1491879,2479,24.48,86.7
Jharkhand,Dhanbad,-,2682662,2075,23.78,86.42
Jharkhand,Dumka,-,1321096,4404,24.27,87.25
Jharkhand,East Singhbhum,-,2291032,3533,22.8,86.18
Jharkhand,Garhwa,-,1322387,4064,24.17,83.8
Jharkhand,Giridih,-,2445203,4887,24.17,86.32
Jharkhand,Godda,-,1311382,2110,24.82,87.22
Jharkhand,Gumla,-,1025656,5327,23,84.5
Jharkhand,Hazaribag,-,1734005,4302,24,85.25
Jharkhand,Jamtara,-,790207,1802,23.95,86.8
Jharkhand,Khunti,-,530299,2467,23.07,85.27
Jharkhand,Koderma,-,717169,1312,24.47,85.58
Jharkhand,Latehar,-,725673,3630,23.72,84.47
Jharkhand,Lohardaga,-,461738,1494,23.43,84.68
Jharkhand,Pakur,-,899200,1805,24.62,87.85
Jharkhand,Palamu,-,1936319,5082,24.02,84.07
Jharkhand,Ramgarh,-,949159,1212,23.62,85.52
Jharkhand,Ranchi,-,2912022,7974,23,85
Jharkhand,Sahibganj,-,1150038,1599,25.25,87.65
Jharkhand,Seraikela Kharsawan,-,1063458,2725,22.7,85.92
Jharkhand,Simdega,-,599813,3750,22.6,84.5
Jharkhand,West Singhbhum,-,1501619,7186,22.57,85.82
Karnataka,Bagalkot,-,1890826,6583,16.12,75.45
Karnataka,Ballari,-,2532383,8439,15.15,76.93
Karnataka,Belgaum,-,4778439,13415,15.85,74.55
Karnataka,Bangalore Rural,-,987257,2239,13.27,77.62
Karnataka,Bangalore Urban,-,9588910,2190,12.97,77.55
Karnataka,Bidar,-,1700018,5448,17.9,77.5
Karnataka,Chamarajnagar,-,1020962,5102,12,77.3
Karnataka,Chikkaballapur,-,1254377,4208,13.43,77.72
Karnataka,Chikkamagaluru,-,1137753,7201,13.3,75.73
Karnataka,Chitradurga,-,1660378,8437,14,76.5
Karnataka,Dakshina Kannada,-,2083625,4559,12.87,74.88
Karnataka,Davanagere,-,1946905,5926,14.23,75.9
Karnataka,Dharwad,-,1846993,4265,15.38,75.12
Karnataka,Gadag,-,1065235,4651,15.4,75.75
Karnataka,Gulbarga,-,2564892,10990,17.33,76.83
Karnataka,Hassan,-,1776221,6814,0,0
Karnataka,Haveri,-,1598506,4825,14.8,75.4
Karnataka,Kodagu,-,554762,4102,12.42,75.73
Karnataka,Kolar,-,1540231,4012,13.13,78.13
Karnataka,Koppal,-,1391292,5565,15.57,76
Karnataka,Mandya,-,1808680,4961,12.52,76.9
Karnataka,Mysuru,-,2994744,6854,12.22,76.48
Karnataka,Raichur,-,1924773,6839,16.22,77.35
Karnataka,Ramanagara,-,1082739,3573,12.72,75.28
Karnataka,Shimoga,-,1755512,8495,14,75.28
Karnataka,Tumakuru,-,2681449,10598,13.33,77.1
Karnataka,Udupi,-,1177908,3879,13.35,74.75
Karnataka,Uttara Kannada,-,1353299,10291,14.6,74.7
Karnataka,Vijayapura,-,2175102,10517,13.28,77.8
Karnataka,Yadgir,-,1172985,5225,16.75,77.13
Kerala,Alappuzha,-,2121943,1415,9.48,76.48
Kerala,Ernakulam,-,3279860,3063,10,76.33
Kerala,Idukki,-,1107453,4356,9.85,76.93
Kerala,Kannur,-,2525637,2961,11.87,75.35
Kerala,Kasaragod,-,1302600,1989,12.5,75
Kerala,Kollam,-,2629703,2483,8.8,76.6
Kerala,Kottayam,-,1979384,2206,9.58,76.52
Kerala,Kozhikode,-,3089543,2345,11.25,75.77
Kerala,Malappuram,-,4110956,3554,11.03,76.07
Kerala,Palakkad,-,2810892,4482,10.77,76.65
Kerala,Pathanamthitta,-,1195537,2652,9.27,76.78
Kerala,Thrissur,-,3110327,3027,10.52,76.22
Kerala,Thiruvananthapuram,-,3307284,2189,8.28,76.68
Kerala,Wayanad,-,816558,2130,11.62,76.08
Madhya Pradesh,Agar Malwa,-,0,2785,23.7,76
Madhya Pradesh,Alirajpur,-,728677,3182,22.3,74.35
Madhya Pradesh,Anuppur,-,749521,3747,23.12,81.7
Madhya Pradesh,Ashok Nagar,-,844979,4674,24.57,77.72
Madhya Pradesh,Balaghat,-,1701156,9229,21.97,80.33
Madhya Pradesh,Barwani,-,1385659,5432,22.02,74.92
Madhya Pradesh,Betul,-,1575247,10043,21.83,77.83
Madhya Pradesh,Bhind,-,1703562,4459,26.55,78.78
Madhya Pradesh,Bhopal,-,2368145,2772,23.27,77.4
Madhya Pradesh,Burhanpur,-,756993,3427,21.3,76.22
Madhya Pradesh,Chachaura-Binaganj,-,0,0,24.17,77
Madhya Pradesh,Chhatarpur,-,1762857,8687,24.9,79.57
Madhya Pradesh,Chhindwara,-,2090306,11815,22.05,78.93
Madhya Pradesh,Damoh,-,1263703,7306,21.88,80.78
Madhya Pradesh,Datia,-,786375,2694,25.67,78.45
Madhya Pradesh,Dewas,-,1563107,7020,22.95,76.05
Madhya Pradesh,Dhar,-,2184672,8153,22.6,75.3
Madhya Pradesh,Dindori,-,704218,7427,22.95,81.08
Madhya Pradesh,Guna,-,1240938,6485,24.63,77.32
Madhya Pradesh,Gwalior,-,2030543,5465,26.22,78.17
Madhya Pradesh,Harda,-,570302,3339,22.33,77.08
Madhya Pradesh,Hoshangabad,-,1240975,6698,22.67,77.5
Madhya Pradesh,Indore,-,3272335,3898,22.67,75.75
Madhya Pradesh,Jabalpur,-,2460714,5210,23.15,79.93
Madhya Pradesh,Jhabua,-,1024091,6782,22.77,74.6
Madhya Pradesh,Katni,-,1291684,4947,23.83,80.38
Madhya Pradesh,Khandwa (East Nimar),-,1309443,7349,0,0
Madhya Pradesh,Khargone (West Nimar),-,1872413,8010,0,0
Madhya Pradesh,Maihar,-,0,0,24.25,80.75
Madhya Pradesh,Mandla,-,1053522,5805,22.7,81
Madhya Pradesh,Mandsaur,-,1339832,5530,24.07,75.07
Madhya Pradesh,Morena,-,1965137,4991,26.5,78
Madhya Pradesh,Narsinghpur,-,1092141,5133,22.92,79.17
Madhya Pradesh,Nagda,-,0,0,0,0
Madhya Pradesh,Neemuch,-,825958,4267,24.47,74.87
Madhya Pradesh,Niwari,-,0,0,0,0
Madhya Pradesh,Panna,-,1016028,7135,24.72,80.17
Madhya Pradesh,Raisen,-,1331699,8466,23.32,77.78
Madhya Pradesh,Rajgarh,-,1546541,6143,24.25,74.93
Madhya Pradesh,Ratlam,-,1454483,4861,23.32,75.03
Madhya Pradesh,Rewa,-,2363744,6314,24.52,81.28
Madhya Pradesh,Sagar,-,2378295,10252,23.8,78.67
Madhya Pradesh,Satna,-,2228619,7502,24.33,80.55
Madhya Pradesh,Sehore,-,1311008,6578,23.2,77.08
Madhya Pradesh,Seoni,-,1378876,8758,22.08,79.55
Madhya Pradesh,Shahdol,-,1064989,6205,23.3,81.35
Madhya Pradesh,Shajapur,-,1512353,6196,23.5,76.25
Madhya Pradesh,Sheopur,-,687952,6585,25.67,76.7
Madhya Pradesh,Shivpuri,-,1725818,10290,24.87,77.18
Madhya Pradesh,Sidhi,-,1126515,10520,24.42,81.88
Madhya Pradesh,Singrauli,-,1178132,5672,24.2,82.67
Madhya Pradesh,Tikamgarh,-,1444920,5055,24.73,78.82
Madhya Pradesh,Ujjain,-,1986864,6091,23.42,75.5
Madhya Pradesh,Umaria,-,643579,4062,23.52,80.83
Madhya Pradesh,Vidisha,-,1458212,7362,23.52,77.8
Maharashtra,Ahmednagar,-,4543083,17048,19.08,74.72
Maharashtra,Akola,-,1818617,5429,20.5,77.17
Maharashtra,Amravati,-,2887826,12235,20.93,77.75
Maharashtra,Aurangabad,-,3695928,10107,19.88,75.32
Maharashtra,Beed,-,2585962,10693,18.83,75.75
Maharashtra,Bhandara,-,1198810,3890,21.18,80
Maharashtra,Buldhana,-,2588039,9661,20.52,76.17
Maharashtra,Chandrapur,-,2194262,11443,19.95,79.3
Maharashtra,Dhule,-,2048781,8095,20.9,74.77
Maharashtra,Gadchiroli,-,1071795,14412,20.18,80
Maharashtra,Gondia,-,1322331,5431,21.45,80.18
Maharashtra,Hingoli,-,1178973,4526,19.72,77.15
Maharashtra,Jalgaon,-,4224442,11765,18.65,75.1
Maharashtra,Jalna,-,1958483,7718,19.83,75.88
Maharashtra,Kolhapur,-,3874015,7685,16.68,74.22
Maharashtra,Latur,-,2455543,7157,18.4,76.58
Maharashtra,Mumbai City,-,3145966,69,18.97,72.82
Maharashtra,Mumbai suburban,-,9332481,369,19.05,72.83
Maharashtra,Nanded,-,3356566,10528,19.15,77.32
Maharashtra,Nandurbar,-,1646177,5055,21.38,74.37
Maharashtra,Nagpur,-,4653171,9892,21,79
Maharashtra,Nashik,-,6109052,15539,19.98,73.78
Maharashtra,Osmanabad,-,1660311,7569,17.35,75.17
Maharashtra,Palghar,-,2990116,5344,19.68,72.77
Maharashtra,Parbhani,-,1835982,6511,19.5,76.75
Maharashtra,Pune,-,9426959,15643,18.52,73.83
Maharashtra,Raigad,-,2635394,7152,18.65,72.87
Maharashtra,Ratnagiri,-,1612672,8208,16.98,73.3
Maharashtra,Sangli,-,2820575,8572,16.85,74.57
Maharashtra,Satara,-,3003922,10475,17.7,74
Maharashtra,Sindhudurg,-,848868,5207,16.1,73.68
Maharashtra,Solapur,-,4315527,14895,17.83,75.5
Maharashtra,Thane,-,11060148,4214,19.2,72.97
Maharashtra,Wardha,-,1296157,6309,20.83,78.6
Maharashtra,Washim,-,1196714,5155,20.1,77.13
Maharashtra,Yavatmal,-,2775457,13582,20.1,78.2
Manipur,Bishnupur,-,240363,496,24.63,93.77
Manipur,Chandel,-,144028,3317,24.32,93.98
Manipur,Churachandpur,-,271274,4574,24.33,93.68
Manipur,Imphal East,-,452661,710,24.8,93.95
Manipur,Imphal West,-,514683,519,24.82,93.9
Manipur,Jiribam,-,43818,232,24.8,93.12
Manipur,Kakching,-,135481,0,24.48,93.98
Manipur,Kamjong,-,45616,2000,24.85,94.5
Manipur,Kangpokpi,-,0,0,25.13,93.97
Manipur,Noney,-,0,0,0,0
Manipur,Pherzawl,-,47250,2285,0,0
Manipur,Senapati,-,354772,3269,0,0
Manipur,Tamenglong,-,140143,4391,24.98,93.48
Manipur,Tengnoupal,-,0,0,24.32,93.98
Manipur,Thoubal,-,420517,514,24.65,93.98
Manipur,Ukhrul,-,183115,4547,25.12,94.37
Meghalaya,East Garo Hills,-,317618,2603,25.48,90.62
Meghalaya,East Khasi Hills,-,824059,2752,25.57,91.88
Meghalaya,East Jaintia Hills,-,122436,2115,0,0
Meghalaya,North Garo Hills,-,118325,1113,25.88,90.58
Meghalaya,Ri Bhoi,-,258380,2378,25.9,91.88
Meghalaya,South Garo Hills,-,142574,1850,25.2,90.63
Meghalaya,South West Garo Hills,-,172495,822,0,0
Meghalaya,South West Khasi Hills,-,110152,1341,0,0
Meghalaya,West Jaintia Hills,-,270352,1693,25.45,92.2
Meghalaya,West Garo Hills,-,642923,3714,25.52,90.22
Meghalaya,West Khasi Hills,-,385601,5247,25.52,91.27
Mizoram,Aizawl,-,404054,3577,23.73,92.72
Mizoram,Champhai,-,125370,3168,23.47,93.32
Mizoram,Hnahthial,-,-,-,22.9,92.75
Mizoram,Khawzawl,-,-,-,23.53,93.17
Mizoram,Kolasib,-,83054,1386,24.22,92.67
Mizoram,Lawngtlai,-,117444,2519,22.52,92.9
Mizoram,Lunglei,-,154094,4572,22.9,92.75
Mizoram,Mamit,-,85757,2967,23.92,92.48
Mizoram,Saiha,-,56366,1414,22.48,92.97
Mizoram,Saitual,-,-,-,23.68,92.95
Mizoram,Serchhip,-,64875,1424,23.3,92.85
Nagaland,Dimapur,-,379769,926,25.8,93.78
Nagaland,Kiphire,-,74033,1255,25.9,94.78
Nagaland,Kohima,-,270063,1041,25.67,94.12
Nagaland,Longleng,-,50593,885,26.52,94.93
Nagaland,Mokokchung,-,193171,1615,26.32,94.52
Nagaland,Mon,-,259604,1786,26.72,95.03
Nagaland,Noklak,-,59300,1152,26.22,94.98
Nagaland,Peren,-,163294,2300,25.52,93.73
Nagaland,Phek,-,163294,2026,25.67,94.47
Nagaland,Tuensang,-,414801,4228,26.23,94.82
Nagaland,Wokha,-,166239,1628,26.1,94.27
Nagaland,Zunheboto,-,141014,1255,26.02,94.52
Odisha,Angul,-,1271703,6347,20.82,85.1
Odisha,Boudh (Bauda),-,439917,4289,0,0
Odisha,Bhadrak,-,1506522,2788,21.07,86.5
Odisha,Balangir,-,1648574,6552,20.7,83.5
Odisha,Bargarh (Baragarh),-,1478833,5832,0,0
Odisha,Balasore,-,2317419,3706,21.5,86.9
Odisha,Cuttack,-,2618708,3915,20.45,85.82
Odisha,Debagarh (Deogarh),-,312164,2781,0,0
Odisha,Dhenkanal,-,1192948,4597,20.65,85.6
Odisha,Ganjam,-,3520151,8033,19.37,85.05
Odisha,Gajapati,-,575880,3056,18.88,84.2
Odisha,Jharsuguda,-,579499,2202,21.85,84
Odisha,Jajpur,-,1826275,2885,20.85,86.32
Odisha,Jagatsinghpur,-,1136604,1759,20.25,86.15
Odisha,Khordha,-,2246341,2888,20.15,85.65
Odisha,Kendujhar (Keonjhar),-,1802777,8336,0,0
Odisha,Kalahandi,-,1573054,8197,20.07,83.2
Odisha,Kandhamal,-,731952,6004,20.47,84.23
Odisha,Koraput,-,1376934,8534,18.8,82.7
Odisha,Kendrapara,-,1439891,2546,20.52,86.47
Odisha,Malkangiri,-,612727,6115,18.25,82.13
Odisha,Mayurbhanj,-,2513895,10418,21.92,86.72
Odisha,Nabarangpur,-,1218762,5135,19.23,82.55
Odisha,Nuapada,-,606490,3408,20.65,82.82
Odisha,Nayagarh,-,962215,3954,20.1,85
Odisha,Puri,-,1697983,3055,19.8,85.82
Odisha,Rayagada,-,961959,7585,19.15,83.4
Odisha,Sambalpur,-,1044410,6702,21.45,83.97
Odisha,Subarnapur (Sonepur),-,652107,2284,0,0
Odisha,Sundargarh,-,2080664,9942,22.1,84
Punjab,Amritsar,-,2490891,2673,31.58,74.98
Punjab,Barnala,-,596294,1423,30.37,75.53
Punjab,Bathinda,-,1388859,3355,30.2,74.93
Punjab,Firozpur,-,2026831,5334,30.93,74.62
Punjab,Faridkot,-,618008,1472,30.67,74.75
Punjab,Fatehgarh Sahib,-,599814,1180,30.38,76.23
Punjab,Fazilka,-,1180483,3113,30.4,74.02
Punjab,Gurdaspur,-,2299026,3542,31.92,75.25
Punjab,Hoshiarpur,-,1582793,3397,31.58,75.98
Punjab,Jalandhar,-,2181753,2625,31.32,75.57
Punjab,Kapurthala,-,817668,1646,31.37,75.38
Punjab,Ludhiana,-,3487882,3744,30.88,75.85
Punjab,Mansa,-,768808,2174,0,0
Punjab,Moga,-,992289,2235,30.82,75.17
Punjab,Sri Muktsar Sahib,-,902702,2596,30.47,74.5
Punjab,Pathankot,-,626154,929,32.27,75.63
Punjab,Patiala,-,2892282,3175,30.33,76.38
Punjab,Rupnagar,-,683349,1400,30.97,76.52
Punjab,Sahibzada Ajit Singh Nagar,-,986147,1188,30.68,76.72
Punjab,Sangrur,-,1654408,3685,30.23,75.83
Punjab,Shahid Bhagat Singh Nagar,-,614362,1283,31.12,76.1
Punjab,Tarn Taran,-,1120070,2414,31.45,74.92
Rajasthan,Ajmer,-,2584913,8481,26.45,74.63
Rajasthan,Alwar,-,3671999,8380,27.57,76.6
Rajasthan,Bikaner,-,2367745,27244,28.02,73.3
Rajasthan,Barmer,-,2604453,28387,25.75,71.38
Rajasthan,Banswara,-,1798194,5037,27.2,74
Rajasthan,Bharatpur,-,2549121,5066,27.22,77.5
Rajasthan,Baran,-,1223921,6955,25.1,76.52
Rajasthan,Bundi,-,1113725,5550,25.43,75.63
Rajasthan,Bhilwara,-,2410459,10455,25.35,74.63
Rajasthan,Churu,-,2041172,16830,28.28,74.95
Rajasthan,Chittorgarh,-,1544392,10856,24.87,74.62
Rajasthan,Dausa,-,1637226,3429,26.53,76.18
Rajasthan,Dholpur,-,1207293,3084,26.7,77.9
Rajasthan,Dungarpur,-,1388906,3771,23.83,73.72
Rajasthan,Ganganagar,-,1969520,10990,29.92,73.87
Rajasthan,Hanumangarh,-,1779650,9670,29.57,74.32
Rajasthan,Jhunjhunu,-,2139658,5928,75.02,76.07
Rajasthan,Jalore,-,1830151,10640,25.35,72.62
Rajasthan,Jodhpur,-,3685681,22850,27.62,72.92
Rajasthan,Jaipur,-,6663971,11152,26.92,75.82
Rajasthan,Jaisalmer,-,672008,38401,26.9,70.9
Rajasthan,Jhalawar,-,1411327,6219,24.6,76.15
Rajasthan,Karauli,-,1458459,5530,26.5,77.02
Rajasthan,Kota,-,1950491,5446,25.17,73.82
Rajasthan,Nagaur,-,3309234,17718,27.2,73.73
Rajasthan,Pali,-,2038533,12387,25.77,73.32
Rajasthan,Pratapgarh,-,868231,4112,0,0
Rajasthan,Rajsamand,-,1158283,3853,25.07,73.87
Rajasthan,Sikar,-,2677737,7732,27.22,74.43
Rajasthan,Sawai Madhopur,-,1338114,4500,26,76.35
Rajasthan,Sirohi,-,1037185,5136,24.88,72.85
Rajasthan,Tonk,-,1421711,7194,26.15,75.78
Rajasthan,Udaipur,-,3067549,13430,24.38,73.62
Sikkim,East Sikkim,-,281293,954,27.32,88.6
Sikkim,North Sikkim,-,43354,4226,27.52,88.53
Sikkim,South Sikkim,-,146742,750,27.17,88.37
Sikkim,West Sikkim,-,136299,1166,27.28,88.25
Tamil Nadu,Ariyalur,-,752481,3208,11.13,79.07
Tamil Nadu,Chengalpattu,-,2556244,2945,12.68,79.98
Tamil Nadu,Chennai,-,7100000,426,13.08,80.27
Tamil Nadu,Coimbatore,-,3472578,7469,11,76.97
Tamil Nadu,Cuddalore,-,2600880,3999,11.75,79.75
Tamil Nadu,Dharmapuri,-,1502900,4532,12.12,78.15
Tamil Nadu,Dindigul,-,2161367,6058,10.35,77.98
Tamil Nadu,Erode,-,2259608,5714,11.35,77.73
Tamil Nadu,Kallakurichi,-,1370281,3520,11.73,78.95
Tamil Nadu,Kanchipuram,-,1166401,1656,12.82,79.72
Tamil Nadu,Kanyakumari,-,1863178,1685,8.07,77.53
Tamil Nadu,Karur,-,1076588,2901,10.95,78.07
Tamil Nadu,Krishnagiri,-,1883731,5086,12.52,78.2
Tamil Nadu,Madurai,-,3991038,3676,9.83,77.83
Tamil Nadu,Mayiladuthurai,-,0,0,11.1,79.65
Tamil Nadu,Nagapattinam,-,1614069,2716,10.77,79.82
Tamil Nadu,Nilgiris,-,735071,2549,11.42,76.68
Tamil Nadu,Namakkal,-,1721179,3429,11.22,78.17
Tamil Nadu,Perambalur,-,564511,1752,11.23,78.87
Tamil Nadu,Pudukkottai,-,1918725,4651,10.38,78.82
Tamil Nadu,Ramanathapuram,-,1337560,4123,9.38,78.75
Tamil Nadu,Ranipet,-,1210277,2234,12.93,79.33
Tamil Nadu,Salem,-,3480008,5245,11.65,78.13
Tamil Nadu,Sivaganga,-,1341250,4086,9.72,78.82
Tamil Nadu,Tenkasi,-,1407627,2916,8.97,77.3
Tamil Nadu,Tirupur,-,2471222,5106,11.18,77.25
Tamil Nadu,Tiruchirappalli,-,2713858,4407,10.78,78.68
Tamil Nadu,Theni,-,1243684,3066,10.07,77.75
Tamil Nadu,Tirunelveli,-,1665253,3842,8.72,77.7
Tamil Nadu,Thanjavur,-,2402781,3397,10.78,79.13
Tamil Nadu,Thoothukudi,-,1738376,4594,8.8,78.13
Tamil Nadu,Tirupattur,-,1111812,1792,12.5,78.6
Tamil Nadu,Tiruvallur,-,3725697,3424,13.13,79.9
Tamil Nadu,Tiruvarur,-,1268094,2377,10.77,79.63
Tamil Nadu,Tiruvannamalai,-,2468965,6191,12.42,79.12
Tamil Nadu,Vellore,-,1614242,2080,12.9,79.13
Tamil Nadu,Viluppuram,-,2093003,3725,11.95,79.52
Tamil Nadu,Virudhunagar,-,1943309,3446,9.58,77.95
Telangana,Adilabad,-,708952,4185.97,19.67,78.52
Telangana,Komaram Bheem,-,515835,4300.16,0,0
Telangana,Bhadradri Kothagudem,-,1304811,8951,0,0
Telangana,Hyderabad,-,3441992,4325.29,17.37,78.48
Telangana,Jagtial,-,983414,3043.23,18.8,78.93
Telangana,Jangaon,-,582457,2187.5,17.72,79.18
Telangana,Jayashankar Bhupalpally,-,712257,6361.7,0,0
Telangana,Jogulamba Gadwal,-,664971,2928,0,0
Telangana,Kamareddy,-,972625,3651,18.32,78.33
Telangana,Karimnagar,-,1016063,2379.07,18.43,79.12
Telangana,Khammam,-,1401639,4453,17.25,80.17
Telangana,Mahabubabad,-,770170,2876.7,17.62,80.02
Telangana,Mahbubnagar,-,1318110,4037,16.75,78
Telangana,Mancherial,-,807037,4056.36,18.87,79.43
Telangana,Medak,-,767428,2740.89,18.03,78.25
Telangana,Medchal-Malkajgiri,-,2542203,5005.98,0,0
Telangana,Mulugu,-,294671,3881,18.18,79.93
Telangana,Nalgonda,-,1631399,2449.79,17.05,79.27
Telangana,Narayanpet,-,566874,2336.44,16.73,77.5
Telangana,Nagarkurnool,-,893308,6545,16.48,78.33
Telangana,Nirmal,-,709415,3562.51,19.1,78.35
Telangana,Nizamabad,-,1534428,4153,18.68,78.1
Telangana,Peddapalli,-,795332,4614.74,18.6,79.38
Telangana,Rajanna Sircilla,-,546121,2030.89,0,0
Telangana,Ranga Reddy,-,2551731,1038,17.3,78.1
Telangana,Sangareddy,-,1527628,4464.87,17.62,78.08
Telangana,Siddipet,-,993376,3425.19,18.1,78.85
Telangana,Suryapet,-,1099560,3374.47,17.13,79.62
Telangana,Vikarabad,-,881250,3385,17.33,77.9
Telangana,Wanaparthy,-,751553,2938,16.35,78.05
Telangana,Warangal Urban,-,1135707,1304.5,17.95,79.5
Telangana,Warangal Rural,-,716457,2175.5,0,0
Telangana,Yadadri Bhuvanagiri,-,726465,3091.48,0,0
Tripura,Dhalai,-,377988,2400,23.93,91.85
Tripura,Gomati,-,436868,1522.8,23.55,91.48
Tripura,Khowai,-,327391,1005.67,23.88,91.63
Tripura,North Tripura,-,415946,1444.5,24.33,92.02
Tripura,Sepahijala,-,484233,1044.78,23.62,91.32
Tripura,South Tripura,-,433737,1534.2,23.53,91.48
Tripura,Unokoti,-,277335,591.93,0,0
Tripura,West Tripura,-,917534,942.55,23.92,91.5
Uttar Pradesh,Agra,-,4380793,4027,27.08,77.97
Uttar Pradesh,Aligarh,-,3673849,3747,27.83,78.17
Uttar Pradesh,Prayagraj,-,5959798,5481,25.45,81.85
Uttar Pradesh,Ambedkar Nagar,-,2398709,2372,0,0
Uttar Pradesh,Amethi,-,2549935,3063,26.17,81.78
Uttar Pradesh,Amroha,-,1838771,2321,28.9,78.47
Uttar Pradesh,Auraiya,-,1372287,2051,26.47,79.52
Uttar Pradesh,Azamgarh,-,4616509,4053,26.6,83.18
Uttar Pradesh,Bagpat,-,1302156,1345,28.93,77.22
Uttar Pradesh,Bahraich,-,2384239,4926,27.57,81.58
Uttar Pradesh,Ballia,-,3223642,2981,28.2,79.37
Uttar Pradesh,Balrampur,-,2149066,3349,27.43,82.18
Uttar Pradesh,Banda,-,1799541,4413,0,0
Uttar Pradesh,Barabanki,-,3257983,3825,26.92,81.2
Uttar Pradesh,Bareilly,-,4465344,4120,28.42,79.38
Uttar Pradesh,Basti,-,2461056,2687,27.25,83
Uttar Pradesh,Bhadohi,-,1554203,960,25.33,82.47
Uttar Pradesh,Bijnor,-,3683896,4561,29.42,78.52
Uttar Pradesh,Budaun,-,3712738,5168,28.12,78.98
Uttar Pradesh,Bulandshahr,-,3498507,3719,28.42,77.83
Uttar Pradesh,Chandauli,-,1952713,2554,25.25,83.25
Uttar Pradesh,Chitrakoot,-,990626,3202,25.2,80.9
Uttar Pradesh,Deoria,-,3098637,2535,26.5,83.77
Uttar Pradesh,Etah,-,1761152,2456,27.63,78.67
Uttar Pradesh,Etawah,-,1579160,2287,26.78,79.02
Uttar Pradesh,Ayodhya,-,2468371,2765,26.8,82.2
Uttar Pradesh,Farrukhabad,-,1887577,2279,27.5,79.5
Uttar Pradesh,Fatehpur,-,2632684,4152,0,0
Uttar Pradesh,Firozabad,-,2496761,2361,27.15,78.4
Uttar Pradesh,Gautam Buddh Nagar,-,1674714,1269,28.53,77.38
Uttar Pradesh,Ghaziabad,-,4661452,1175,28.67,77.42
Uttar Pradesh,Ghazipur,-,3622727,3377,25.62,83.57
Uttar Pradesh,Gonda,-,3431386,4425,27.25,82
Uttar Pradesh,Gorakhpur,-,4436275,3325,26.75,83.4
Uttar Pradesh,Hamirpur,-,1104021,4325,0,0
Uttar Pradesh,Hapur,-,1338211,660,28.72,77.77
Uttar Pradesh,Hardoi,-,4091380,5986,27.42,80.25
Uttar Pradesh,Hathras,-,1565678,1752,27.6,78.05
Uttar Pradesh,Jalaun,-,1670718,4565,26,79.5
Uttar Pradesh,Jaunpur,-,4476072,4038,25.75,82.75
Uttar Pradesh,Jhansi,-,2000755,5024,25.5,78.5
Uttar Pradesh,Kannauj,-,1658005,1993,27.07,79.92
Uttar Pradesh,Kanpur Dehat,-,1795092,3021,26.33,79.97
Uttar Pradesh,Kanpur Nagar,-,4572951,3156,26.45,80.32
Uttar Pradesh,Kasganj,-,1438156,1955,27.82,78.65
Uttar Pradesh,Kaushambi,-,1596909,1837,25.52,81.37
Uttar Pradesh,Kushinagar,-,3560830,2909,26.9,83.97
Uttar Pradesh,Lakhimpur Kheri,-,4013634,7674,27.6,80.33
Uttar Pradesh,Lalitpur,-,1218002,5039,0,0
Uttar Pradesh,Lucknow,-,4588455,2528,26.75,81
Uttar Pradesh,Maharajganj,-,2665292,2953,0,0
Uttar Pradesh,Mahoba,-,876055,2847,25.28,79.87
Uttar Pradesh,Mainpuri,-,1847194,2760,27.17,79
Uttar Pradesh,Mathura,-,2541894,3333,27.28,77.42
Uttar Pradesh,Mau,-,2205170,1713,25.93,83.57
Uttar Pradesh,Meerut,-,3447405,2522,28.98,77.7
Uttar Pradesh,Mirzapur,-,2494533,4522,25.15,82.55
Uttar Pradesh,Moradabad,-,4773138,3718,28.83,78.78
Uttar Pradesh,Muzaffarnagar,-,4138605,4008,29.45,77.58
Uttar Pradesh,Pilibhit,-,2037225,3499,28.55,80.1
Uttar Pradesh,Pratapgarh,-,3173752,3717,0,0
Uttar Pradesh,Raebareli,-,3404004,4609,26.22,81.23
Uttar Pradesh,Rampur,-,2335398,2367,28.8,79.02
Uttar Pradesh,Saharanpur,-,3464228,3689,29.97,77.55
Uttar Pradesh,Sambhal,-,2217020,2453,28.57,78.55
Uttar Pradesh,Sant Kabir Nagar,-,1714300,1442,26.77,83.05
Uttar Pradesh,Shahjahanpur,-,3002376,4575,28,79.83
Uttar Pradesh,Shamli,-,1274815,1063,29.45,77.32
Uttar Pradesh,Shravasti,-,1114615,1948,27.7,81.93
Uttar Pradesh,Siddharthnagar,-,2553526,2751,27,82.75
Uttar Pradesh,Sitapur,-,4474446,5743,27.5,80.92
Uttar Pradesh,Sonbhadra,-,1862612,6788,24.68,83.05
Uttar Pradesh,Sultanpur,-,3790922,4436,26.25,82
Uttar Pradesh,Unnao,-,3110595,4561,26.55,80.47
Uttar Pradesh,Varanasi,-,3682194,1535,25.33,83
Uttarakhand,Almora,-,621927,3090,29.58,79.65
Uttarakhand,Bageshwar,-,259840,2310,29.85,79.77
Uttarakhand,Chamoli,-,391114,7692,30.42,79.33
Uttarakhand,Champawat,-,259315,1781,29.33,80.1
Uttarakhand,Dehradun,-,1698560,3088,30.33,78.07
Uttarakhand,Haridwar,-,1927029,2360,29.97,78.17
Uttarakhand,Nainital,-,955128,3853,29.33,79.5
Uttarakhand,Pauri Garhwal,-,686527,5438,0,0
Uttarakhand,Pithoragarh,-,485993,7110,30,80.33
Uttarakhand,Rudraprayag,-,236857,1896,30.28,78.98
Uttarakhand,Tehri Garhwal,-,616409,4085,30.38,78.48
Uttarakhand,Udham Singh Nagar,-,1648367,2912,28.98,79.4
Uttarakhand,Uttarkashi,-,329686,7951,30.73,78.45
West Bengal,Alipurduar,-,1700000,3383,26.48,89.52
West Bengal,Bankura,-,3596292,6882,23.25,87.07
West Bengal,Paschim Bardhaman,-,2882031,1603,0,0
West Bengal,Purba Bardhaman,-,4835532,5433,0,0
West Bengal,Birbhum,-,3502387,4545,0,0
West Bengal,Cooch Behar,-,2822780,3387,26.32,89.45
West Bengal,Dakshin Dinajpur,-,1670931,2183,25.22,88.77
West Bengal,Darjeeling,-,1842034,3149,27.03,88.17
West Bengal,Hooghly,-,5520389,3149,0,0
West Bengal,Howrah,-,4841638,1467,22.58,88.25
West Bengal,Jalpaiguri,-,3869675,6227,26.7,89
West Bengal,Jhargram,-,1136548,3038,22.45,86.98
West Bengal,Kalimpong,-,251642,1054,27.07,88.47
West Bengal,Kolkata,-,4486679,185,22.57,88.37
West Bengal,Maldah,-,3997970,3733,25,88.15
West Bengal,Murshidabad,-,7102430,5324,24.13,88.27
West Bengal,Nadia,-,5168488,3927,23.4,88.5
West Bengal,North 24 Parganas,-,10082852,4094,22.13,88.5
West Bengal,Paschim Medinipur,-,5094238,9345,0,0
West Bengal,Purba Medinipur,-,4417377,4736,0,0
West Bengal,Purulia,-,2927965,6259,23.33,86.37
West Bengal,South 24 Parganas,-,8153176,9960,22.53,88.33
West Bengal,Uttar Dinajpur,-,3000849,3180,25.62,88.12
Andaman and Nicobar,Nicobar,-,36842,1841,9.15,92.75
Andaman and Nicobar,North and Middle Andaman,-,105597,3736,12.92,92.9
Andaman and Nicobar,South Andaman,-,238142,2672,11.67,92.73
Chandigarh,Chandigarh,-,1055450,114,30.75,76.78
Dadra and Nagar Haveli and Daman and Diu,Daman,-,191173,72,0,0
Dadra and Nagar Haveli and Daman and Diu,Diu,-,52074,39,20.72,70.98
Dadra and Nagar Haveli and Daman and Diu,Dadra and Nagar Haveli,-,343709,491,20.27,73.02
Jammu and Kashmir,Anantnag,-,1070144,2853,33.73,75.15
Jammu and Kashmir,Bandipora,-,385099,3010,34.42,74.65
Jammu and Kashmir,Baramulla,-,1015503,3329,34.18,74.35
Jammu and Kashmir,Badgam,-,735753,1406,34.02,74.77
Jammu and Kashmir,Doda,-,409576,11691,33.13,75.53
Jammu and Kashmir,Ganderbal,-,297003,258,34.23,74.78
Jammu and Kashmir,Jammu,-,1526406,3097,32.73,74.87
Jammu and Kashmir,Kathua,-,615711,2651,32.58,75.5
Jammu and Kashmir,Kishtwar,-,230696,7737,33.3,75.77
Jammu and Kashmir,Kulgam,-,422786,457,33.63,75.02
Jammu and Kashmir,Kupwara,-,875564,2379,34.52,74.25
Jammu and Kashmir,Poonch,-,476820,1674,0,0
Jammu and Kashmir,Pulwama,-,570060,1398,33.87,74.88
Jammu and Kashmir,Rajouri,-,619266,2630,33.25,74.25
Jammu and Kashmir,Ramban,-,283313,1330,33.23,75.23
Jammu and Kashmir,Reasi,-,314714,1710,33.08,74.83
Jammu and Kashmir,Samba,-,318611,913,32.55,75.12
Jammu and Kashmir,Shopian,-,265960,312,33.72,74.83
Jammu and Kashmir,Srinagar,-,1269751,2228,34.08,74.83
Jammu and Kashmir,Udhampur,-,555357,4550,33,75.17
Ladakh,Kargil,-,143388,14036,34.55,76.13
Ladakh,Leh,-,147104,45110,34.17,77.58
Lakshadweep,Lakshadweep,-,64473,30,10.57,72.63
Delhi,Central Delhi,-,582320,25,28.63,77.23
Delhi,East Delhi,-,1709346,440,28.63,77.28
Delhi,New Delhi,-,142004,22,28.6,77.2
Delhi,North Delhi,-,887978,59,28.67,77.22
Delhi,North East Delhi,-,2241624,52,28.68,77.3
Delhi,North West Delhi,-,3656539,130,28.68,77.12
Delhi,Shahdara,-,0,59.75,28.67,77.27
Delhi,South Delhi,-,2731929,250,28.55,77.18
Delhi,South East Delhi,-,0,0,28.6,77.13
Delhi,South West Delhi,-,2292958,395,28.6,77.13
Delhi,West Delhi,-,2543243,112,28.65,77.1
Puducherry,Karaikal,-,200222,157,11.02,79.87
Puducherry,Mahé,-,41816,9,0,0
Puducherry,Pondicherry,-,950289,293,11.92,79.82
Puducherry,Yanam,-,55626,30,11.02,79.87
Jammu & Kashmir,Srinagar,Srinagar,1180570,298,34.08,74.8
Jammu & Kashmir,Anantnag,Anantnag,150198,189,33.73,75.15
Jammu & Kashmir,Jammu,Jammu,576198,1070,32.73,74.87
Himachal Pradesh,Shimla,Shimla,169578,35,31.1,77.17
Punjab,Gurdaspur,Pathankot,156306,687,32.27,75.65
Punjab,Gurdaspur,Batala,158621,951,31.82,75.21
Punjab,Jalandhar,Jalandhar,868181,468,31.33,75.58
Punjab,Hoshiarpur,Hoshiarpur,168653,1119,31.53,75.91
Punjab,Ludhiana,Khanna,128137,212,30.7,76.22
Punjab,Ludhiana,Ludhiana,1618879,634,30.9,75.86
Punjab,Moga,Moga,163397,1235,30.82,75.17
Punjab,Firozpur,Firozpur,110313,1293,30.92,74.61
Punjab,Firozpur,Abohar,145302,1209,30.13,74.2
Punjab,Muktsar,Muktsar,116747,885,30.7,76.72
Punjab,Bathinda,Bathinda,285788,1512,30.21,74.95
Punjab,Patiala,Patiala,446246,1148,30.34,76.38
Punjab,Amritsar,Amritsar,1155664,562,31.63,74.87
Punjab,Sahibzada Ajit Singh Nagar,S.A.S. Nagar,166864,187,30.7,76.72
Punjab,Sangrur,Malerkotla,135424,684,30.53,75.89
Punjab,Barnala,Barnala,116449,898,30.37,75.53
Chandigarh,Chandigarh,Chandigarh,970602,114,30.74,76.77
Uttarakhand,Dehradun,Dehradun,574840,300,30.32,78.03
Uttarakhand,Nainital,Haldwani,201461,44,29.22,79.51
Uttarakhand,Udham Singh Nagar,Kashipur,121623,200,29.21,78.96
Uttarakhand,Udham Singh Nagar,Rudrapur,154554,27,28.98,79.4
Uttarakhand,Hardwar,Roorkee,118200,1067,29.85,77.89
Uttarakhand,Hardwar,Hardwar,231338,903,29.95,78.16
Haryana,Panchkula,Panchkula,211355,641,30.7,76.85
Haryana,Ambala,Ambala,195153,736,30.38,76.78
Haryana,Ambala,Ambala Sadar,104974,0,30.33,76.84
Haryana,Yamunanagar,Jagadhri,124894,840,30.17,77.3
Haryana,Yamunanagar,Yamunanagar,217071,0,30.12,77.28
Haryana,Kurukshetra,Thanesar,155152,801,29.96,76.82
Haryana,Kaithal,Kaithal,144915,1280,29.8,76.38
Haryana,Karnal,Karnal,302140,830,29.69,76.99
Haryana,Panipat,Panipat,295970,536,29.4,76.98
Haryana,Sonipat,Sonipat,289333,708,28.93,77.09
Haryana,Jind,Jind,167592,817,29.32,76.32
Haryana,Sirsa,Sirsa,182534,2069,29.54,75.03
Haryana,Hisar,Hisar,307024,2234,29.15,75.7
Haryana,Bhiwani,Bhiwani,196057,960,28.8,76.13
Haryana,Rohtak,Rohtak,374292,937,28.9,76.61
Haryana,Jhajjar,Bahadurgarh,170767,517,28.68,76.92
Haryana,Rewari,Rewari,143021,999,28.18,76.62
Haryana,Gurgaon,Gurgaon,886519,333,28.46,77.03
Haryana,Faridabad,Faridabad,1414050,351,28.42,77.3
Haryana,Palwal,Palwal,131926,619,28.15,77.33
Delhi,North West,DMC,11007835,0,0,0
Delhi,North West,Kirari Suleman Nagar,283211,0,28.69,77.06
Delhi,North West,Sultan Pur Majra,181554,0,28.67,77.07
Delhi,North West,Bhalswa Jahangir Pur,197148,0,28.73,77.16
Delhi,North,Burari,146190,0,28.75,77.18
Delhi,North East,Karawal Nagar,224281,0,28.72,77.27
Delhi,North East,Mustafabad,127167,0,28.71,77.27
Delhi,North East,Gokal Pur,121870,0,28.67,77.26
Delhi,North East,Mandoli,120417,0,0,0
Delhi,East,Dallo Pura,154791,0,28.6,77.32
Delhi,West,Hastsal,176877,0,28.63,77.05
Delhi,West,Nangloi Jat,205596,50,28.66,77.06
Delhi,South West,Delhi Cantonment,101704,43,28.6,77.13
Delhi,South,Deoli,169122,0,28.5,77.23
Rajasthan,Ganganagar,Ganganagar,237780,225,29.92,73.88
Rajasthan,Hanumangarh,Hanumangarh,150958,0,29.63,74.29
Rajasthan,Bikaner,Bikaner,644406,3699,28.03,73.3
Rajasthan,Churu,Churu,120157,1607,28.29,74.97
Rajasthan,Churu,Sujangarh,101523,2689,27.7,74.45
Rajasthan,Jhunjhunun,Jhunjhunun,118473,1619,28.13,75.4
Rajasthan,Alwar,Bhiwadi,104921,0,28.22,76.87
Rajasthan,Alwar,Alwar,322568,1202,27.56,76.63
Rajasthan,Bharatpur,Bharatpur,252838,501,27.22,77.49
Rajasthan,Dhaulpur,Dhaulpur,133075,524,26.7,77.9
Rajasthan,Karauli,Hindaun,105452,701,26.73,77.03
Rajasthan,Sawai Madhopur,Gangapur City,119090,16.21,26.47,76.71
Rajasthan,Sawai Madhopur,Sawai Madhopur,121106,59,25.99,76.36
Rajasthan,Jaipur,Jaipur,3073350,579,26.92,75.78
Rajasthan,Sikar,Sikar,244497,1516,27.62,75.13
Rajasthan,Nagaur,Nagaur,105218,3056,27.21,73.74
Rajasthan,Jodhpur,Jodhpur,1056191,1968,26.26,73.01
Rajasthan,Pali,Pali,230075,1657,25.77,73.32
Rajasthan,Ajmer,Kishangarh,154886,1715,26.59,74.87
Rajasthan,Ajmer,Ajmer,542321,897,26.45,74.64
Rajasthan,Ajmer,Beawar,151152,687,26.1,74.32
Rajasthan,Tonk,Tonk,165294,814,26.17,75.78
Rajasthan,Bundi,Bundi,103286,1886,25.43,75.65
Rajasthan,Bhilwara,Bhilwara,359483,969,25.35,74.64
Rajasthan,Banswara,Banswara,101017,1135,23.55,74.43
Rajasthan,Chittaurgarh,Chittaurgarh,116406,983,24.88,74.63
Rajasthan,Kota,Kota,1001694,0,25,76.17
Rajasthan,Baran,Baran,117992,627,25.1,76.51
Rajasthan,Udaipur,Udaipur,451100,0,24.57,73.69
Uttar Pradesh,Saharanpur,Saharanpur,705478,787,29.96,77.55
Uttar Pradesh,Muzaffarnagar,Shamli,107266,610,29.45,77.31
Uttar Pradesh,Muzaffarnagar,Muzaffarnagar,392768,1045,29.47,77.7
Uttar Pradesh,Moradabad,Moradabad,887871,755,28.84,78.8
Uttar Pradesh,Moradabad,Sambhal,220813,868,28.59,78.57
Uttar Pradesh,Moradabad,Chandausi,114383,617,28.45,78.77
Uttar Pradesh,Rampur,Rampur,325313,329,28.8,79
Uttar Pradesh,Jyotiba Phule Nagar,Amroha,198471,634,28.9,78.47
Uttar Pradesh,Meerut,Meerut,1305429,929,28.98,77.71
Uttar Pradesh,Baghpat,Baraut,103764,731,29.17,77.43
Uttar Pradesh,Ghaziabad,Modinagar,130325,263,28.84,77.58
Uttar Pradesh,Ghaziabad,Loni,516082,35,28.75,77.28
Uttar Pradesh,Ghaziabad,Ghaziabad,1648643,457,28.67,77.45
Uttar Pradesh,Ghaziabad,Khora,190005,10,28.37,77.2
Uttar Pradesh,Ghaziabad,Hapur,262983,378,28.73,77.78
Uttar Pradesh,Gautam Buddha Nagar,Noida,637272,203,28.57,77.32
Uttar Pradesh,Gautam Buddha Nagar,Greater Noida,102054,0,28.47,77.5
Uttar Pradesh,Bulandshahr,Bulandshahr,230024,753,28.41,77.85
Uttar Pradesh,Bulandshahr,Khurja,121207,684,28.25,77.85
Uttar Pradesh,Aligarh,Aligarh,874408,0,27.9,78.07
Uttar Pradesh,Mahamaya Nagar,Hathras,143020,492,27.6,78.05
Uttar Pradesh,Mathura,Mathura,349909,1078,27.49,77.67
Uttar Pradesh,Agra,Agra,1585704,543,27.18,78.01
Uttar Pradesh,Firozabad,Firozabad,604214,451,27.16,78.4
Uttar Pradesh,Firozabad,Shikohabad,107404,750,27.11,78.58
Uttar Pradesh,Mainpuri,Mainpuri,136557,1015,27.23,79.02
Uttar Pradesh,Budaun,Budaun,159285,1161,28.03,79.12
Uttar Pradesh,Bareilly,Bareilly,904797,728,28.35,79.4
Uttar Pradesh,Pilibhit,Pilibhit,127988,1047,28.63,79.8
Uttar Pradesh,Shahjahanpur,Shahjahanpur,329736,1042,27.88,79.91
Uttar Pradesh,Kheri,Lakhimpur,151993,1474,27.95,80.78
Uttar Pradesh,Sitapur,Sitapur,177234,848,27.58,80.66
Uttar Pradesh,Hardoi,Hardoi,197029,1585,27.4,80.13
Uttar Pradesh,Unnao,Unnao,177658,1001,26.54,80.49
Uttar Pradesh,Lucknow,Lucknow,2817105,938,26.85,80.95
Uttar Pradesh,Rae Bareli,Rae Bareli,191316,50,26.36,81.4
Uttar Pradesh,Farrukhabad,Farrukhabad,276581,886,27.39,79.59
Uttar Pradesh,Etawah,Etawah,256838,645,26.81,79
Uttar Pradesh,Kanpur Nagar,Kanpur,2768057,1122,26.45,80.33
Uttar Pradesh,Jalaun,Orai,190575,927,25.98,79.47
Uttar Pradesh,Jhansi,Jhansi,505693,1185,25.44,78.57
Uttar Pradesh,Lalitpur,Lalitpur,133305,1834,24.69,78.41
Uttar Pradesh,Banda,Banda,160473,443,25.5,80.3
Uttar Pradesh,Fatehpur,Fatehpur,193193,1632,25.92,80.81
Uttar Pradesh,Allahabad,Allahabad,1168385,305,25.47,81.88
Uttar Pradesh,Faizabad,Faizabad,165228,425,26.77,82.15
Uttar Pradesh,Ambedkar Nagar,Akbarpur,111447,609,26.43,82.53
Uttar Pradesh,Sultanpur,Sultanpur,107640,767,26.26,82.07
Uttar Pradesh,Bahraich,Bahraich,186223,870,27.57,81.6
Uttar Pradesh,Gonda,Gonda,114046,1175,27.13,81.96
Uttar Pradesh,Basti,Basti,114657,829,26.82,82.76
Uttar Pradesh,Gorakhpur,Gorakhpur,673446,840,26.77,83.36
Uttar Pradesh,Deoria,Deoria,129479,927,26.5,83.78
Uttar Pradesh,Azamgarh,Azamgarh,110983,579,26.07,83.19
Uttar Pradesh,Mau,Maunath Bhanjan,278745,512,25.93,83.33
Uttar Pradesh,Ballia,Ballia,104424,804,25.76,84.15
Uttar Pradesh,Jaunpur,Jaunpur,180362,711,25.75,82.7
Uttar Pradesh,Ghazipur,Ghazipur,121020,678,25.58,83.58
Uttar Pradesh,Chandauli,Mughalsarai,109650,0,25.3,83.12
Uttar Pradesh,Varanasi,Varanasi,1198491,840,25.32,82.99
Uttar Pradesh,Mirzapur,Mirzapur,234871,1160,25.13,82.56
Uttar Pradesh,Etah,Etah,118517,1250,27.56,78.66
Uttar Pradesh,Kanshiram Nagar,Kasganj,101277,591,27.8,78.63
Bihar,Pashchim Champaran,Bagaha (Nagar Parishad),112634,0,27.13,84.07
Bihar,Pashchim Champaran,Bettiah (Nagar Parishad),132209,0,26.8,84.5
Bihar,Purba Champaran,Motihari (Nagar Parishad),126158,122,26.6,84.9
Bihar,Kishanganj,Kishanganj (Nagar Parishad),105782,0,26.06,87.9
Bihar,Purnia,Purnia,282248,92,25.77,87.47
Bihar,Katihar,Katihar,240838,115,25.53,87.58
Bihar,Saharsa,Saharsa (Nagar Parishad),156540,1687,25.88,86.6
Bihar,Darbhanga,Darbhanga,296039,196,26.15,85.9
Bihar,Muzaffarpur,Muzaffarpur,354462,93,26.12,85.37
Bihar,Siwan,Siwan (Nagar Parishad),135066,69,26.22,84.36
Bihar,Saran,Chapra (Nagar Parishad),202352,0,25.78,84.71
Bihar,Vaishali,Hajipur (Nagar Parishad),147688,20,25.68,85.22
Bihar,Begusarai,Begusarai,252008,224,25.42,86.13
Bihar,Bhagalpur,Bhagalpur,400146,342,25.25,86.99
Bihar,Munger,Munger,213303,259,25.38,86.47
Bihar,Munger,Jamalpur (Nagar Parishad),105434,0,0,0
Bihar,Nalanda,Biharsharif,297268,152.94,25.18,85.52
Bihar,Patna,Dinapur Nizamat (Nagar Parishad),182429,0,25.63,85.05
Bihar,Patna,Patna,1684297,99,25.61,85.16
Bihar,Bhojpur,Arrah,261430,191,25.56,84.66
Bihar,Buxar,Buxar (Nagar Parishad),102861,0,25.56,83.98
Bihar,Rohtas,Sasaram (Nagar Parishad),147408,0,24.95,84.03
Bihar,Rohtas,Dehri (Nagar Parishad),137231,0,24.91,84.18
Bihar,Aurangabad,Aurangabad (Nagar Parishad),102244,1420,24.7,84.35
Bihar,Gaya,Gaya,474093,0,24.78,84.98
Bihar,Jehanabad,Jehanabad (Nagar Parishad),103202,0,25.21,84.98
Sikkim,East District,Gangtok,100286,563,27.34,88.61
Nagaland,Dimapur,Dimapur,122834,121,25.91,93.73
Manipur,Imphal West,Imphal,193459,0,24.81,93.95
Mizoram,Aizawl,Aizawl,293416,457,23.73,92.72
Tripura,West Tripura,Agartala,400004,76.504,23.83,91.28
Meghalaya,East Khasi Hills,Shillong,143229,64.36,25.57,91.88
Assam,Nagaon,Nagaon,121628,362,26.35,92.67
Assam,Tinsukia,Tinsukia,116322,853,27.5,95.37
Assam,Dibrugarh,Dibrugarh,144063,12.65,27.47,94.91
Assam,Cachar,Silchar,178865,871,24.83,92.78
Assam,Kamrup Metropolitan,Guwahati,963429,100,26.15,91.73
West Bengal,Darjiling,Darjiling,118805,10.57,27.05,88.27
West Bengal,Darjiling,Siliguri,509709,260,26.73,88.41
West Bengal,Jalpaiguri,Dabgram,119040,0,0,0
West Bengal,Jalpaiguri,Jalpaiguri,107341,502,26.54,88.72
West Bengal,Uttar Dinajpur,Raiganj,183612,488,25.62,88.13
West Bengal,Dakshin Dinajpur,Balurghat,153279,355,25.24,88.78
West Bengal,Murshidabad,Berhampore,195223,278,24.1,88.27
West Bengal,Barddhaman,Kulti,313809,0,23.73,86.85
West Bengal,Barddhaman,Asansol,563917,326.48,23.67,86.95
West Bengal,Barddhaman,Jamuria,149220,134,23.7,87.08
West Bengal,Barddhaman,Raniganj,129441,81,23.63,87.09
West Bengal,Barddhaman,Durgapur,566517,154.2,23.53,87.32
West Bengal,Barddhaman,Barddhaman,314265,0,23.23,87.87
West Bengal,Nadia,Nabadwip,125543,93,23.41,88.37
West Bengal,Nadia,Krishnanagar,153062,26,23.4,88.5
West Bengal,Nadia,Santipur,151777,177,23.26,88.44
West Bengal,Nadia,Kalyani,100575,0,22.98,88.43
West Bengal,North Twenty Four Parganas,Bongaon,108864,344,23.07,88.82
West Bengal,North Twenty Four Parganas,Halisahar,124939,8.29,22.93,88.42
West Bengal,North Twenty Four Parganas,Kanchrapara,129576,9.06,22.95,88.42
West Bengal,North Twenty Four Parganas,Naihati,217900,11.55,22.88,88.42
West Bengal,North Twenty Four Parganas,Bhatpara,386019,34.69,22.87,88.42
West Bengal,North Twenty Four Parganas,Habra,147221,21.8,22.85,88.66
West Bengal,North Twenty Four Parganas,Ashokenagar Kalyangarh,121592,20,22.83,88.63
West Bengal,North Twenty Four Parganas,North Barrackpore,132806,11,22.76,88.37
West Bengal,North Twenty Four Parganas,Barrackpore,152783,10.61,22.77,88.39
West Bengal,North Twenty Four Parganas,Titagarh,116541,3.24,22.73,88.37
West Bengal,North Twenty Four Parganas,Khardah,108496,0,22.72,88.38
West Bengal,North Twenty Four Parganas,Panihati,377347,19.38,22.68,88.37
West Bengal,North Twenty Four Parganas,Barasat,278435,34.06,22.72,88.48
West Bengal,North Twenty Four Parganas,Madhyamgram,196127,0,22.7,88.45
West Bengal,North Twenty Four Parganas,North DumDum,249142,26,22.65,88.41
West Bengal,North Twenty Four Parganas,Kamarhati,330211,10.96,22.67,88.37
West Bengal,North Twenty Four Parganas,Baranagar,245213,7.12,22.63,88.37
West Bengal,North Twenty Four Parganas,Dum Dum,114786,9.73,22.62,88.42
West Bengal,North Twenty Four Parganas,South DumDum,403316,0,22.61,88.4
West Bengal,North Twenty Four Parganas,Rajarhat Gopalpur,402844,0,22.62,88.51
West Bengal,North Twenty Four Parganas,Bidhannagar,215514,0,22.58,88.42
West Bengal,North Twenty Four Parganas,Basirhat,125254,0,22.66,88.87
West Bengal,Hugli,Bansberia,103920,9.07,22.97,88.4
West Bengal,Hugli,Hugli-Chinsurah,179931,0,22.9,88.39
West Bengal,Hugli,Chandannagar,166867,19,22.86,88.36
West Bengal,Hugli,Bhadreswar,101477,8,22.82,88.35
West Bengal,Hugli,Champdani,111251,6.59,22.8,88.33
West Bengal,Hugli,Baidyabati,121110,12.03,22.8,88.32
West Bengal,Hugli,Serampore,181842,11.6,22.75,88.33
West Bengal,Hugli,Rishra,124577,0,22.72,88.35
West Bengal,Hugli,Uttarpara Kotrung,159147,11.75,22.68,88.34
West Bengal,Bankura,Bankura,137386,19.06,23.23,87.09
West Bengal,Puruliya,Puruliya,121067,140.18,23.33,86.37
West Bengal,Haora,Bally,113377,0,22.66,88.34
West Bengal,Haora,Bally,293373,0,22.66,88.34
West Bengal,Haora,Haora,1077075,63.55,22.58,88.25
West Bengal,Haora,Uluberia,235345,0,22.47,88.12
West Bengal,Kolkata,Kolkata,4496694,205,22.57,88.36
West Bengal,South Twenty Four Parganas,Maheshtala,448317,44.18,22.51,88.25
West Bengal,South Twenty Four Parganas,Rajpur Sonarpur,424368,49.26,22.44,88.39
West Bengal,Paschim Medinipur,Medinipur,169264,0,22.43,87.32
West Bengal,Paschim Medinipur,Kharagpur,207604,127,22.35,87.23
West Bengal,Purba Medinipur,Haldia,200827,300,22.07,88.07
Jharkhand,Giridih,Giridih,114533,409,24.18,86.3
Jharkhand,Deoghar,Deoghar,203123,338,24.48,86.7
Jharkhand,Dhanbad,Dhanbad,1162472,577,23.8,86.43
Jharkhand,Bokaro,Chas (Nagar Parishad),141640,0,23.63,86.16
Jharkhand,Bokaro,Bokaro Steel City,414820,183,23.67,86.15
Jharkhand,Purbi Singhbhum,Mango,223805,0,22.81,86.2
Jharkhand,Purbi Singhbhum,Jamshedpur,677350,224,22.81,86.2
Jharkhand,Hazaribagh,Hazaribag (Nagar Parishad),142489,0,23.98,85.35
Jharkhand,Ranchi,Ranchi,1073427,652.02,23.34,85.31
Jharkhand,Saraikela-Kharsawan,Adityapur (Nagar Parishad),174355,0,0,0
Odisha,Sambalpur,Sambalpur,189366,50,21.47,83.98
Odisha,Sundargarh,Raurkela,320040,56,22.23,84.87
Odisha,Mayurbhanj,Baripada,116849,40,21.93,86.75
Odisha,Baleshwar,Baleshwar,144373,38,21.48,86.93
Odisha,Bhadrak,Bhadrak,121338,78.86,21.05,86.49
Odisha,Cuttack,Cuttack,610189,398,20.46,85.88
Odisha,Khordha,Bhubaneswar,885363,185,20.3,85.82
Odisha,Puri,Puri,200564,17,19.82,85.83
Odisha,Ganjam,Brahmapur,356598,80,19.31,84.79
Chhattisgarh,Surguja,Ambikapur,121071,733,23.12,83.2
Chhattisgarh,Raigarh,Raigarh,150019,652,21.9,83.4
Chhattisgarh,Korba,Korba,363210,1996,22.36,82.73
Chhattisgarh,Bilaspur,Bilaspur,349107,448,22.08,82.15
Chhattisgarh,Rajnandgaon,Rajnandgaon,163114,745,21.1,81.03
Chhattisgarh,Durg,Bhilai Nagar,618611,341,21.21,81.38
Chhattisgarh,Durg,Durg,268806,639,21.19,81.28
Chhattisgarh,Raipur,Raipur,1027264,653,21.25,81.63
Chhattisgarh,Dhamtari,Dhamtari,101677,681,20.71,81.55
Chhattisgarh,Bastar,Jagdalpur,125463,720,19.07,82.03
Madhya Pradesh,Morena,Morena,200482,1071,26.5,78
Madhya Pradesh,Bhind,Bhind,197585,1189,26.56,78.79
Madhya Pradesh,Gwalior,Gwalior,1054420,2668,26.22,78.18
Madhya Pradesh,Datia,Datia,100284,1206,25.67,78.46
Madhya Pradesh,Shivpuri,Shivpuri,179977,1937,25.42,77.66
Madhya Pradesh,Chhatarpur,Chhatarpur,142128,1065,24.92,79.58
Madhya Pradesh,Sagar,Sagar,274556,2157,23.83,78.75
Madhya Pradesh,Damoh,Damoh,139561,1227,23.84,79.44
Madhya Pradesh,Satna,Satna,282977,0,24.58,80.83
Madhya Pradesh,Rewa,Rewa,235654,0,24.53,81.3
Madhya Pradesh,Neemuch,Neemuch,128561,566,24.47,74.87
Madhya Pradesh,Mandsaur,Mandsaur,141667,935,24.08,75.07
Madhya Pradesh,Ratlam,Ratlam,264914,1321,23.33,75.04
Madhya Pradesh,Ujjain,Nagda,100039,652,0,0
Madhya Pradesh,Ujjain,Ujjain,515215,745,23.18,75.78
Madhya Pradesh,Dewas,Dewas,289550,1001,22.96,76.05
Madhya Pradesh,Dhar,Pithampur,126200,200,22.61,75.68
Madhya Pradesh,Indore,Indore,1992422,891,22.72,75.86
Madhya Pradesh,Khargone (West Nimar),Khargone,116150,0,21.83,75.61
Madhya Pradesh,Vidisha,Vidisha,155951,1071,23.53,77.82
Madhya Pradesh,Bhopal,Bhopal,1798218,285.88,23.26,77.41
Madhya Pradesh,Sehore,Sehore,109118,911,23.2,77.1
Madhya Pradesh,Betul,Betul,103330,1347,21.92,77.9
Madhya Pradesh,Hoshangabad,Hoshangabad,117988,231,22.74,77.74
Madhya Pradesh,Katni,Murwara (Katni),221883,634,23.48,80.4
Madhya Pradesh,Jabalpur,Jabalpur,1069292,1147,23.17,79.93
Madhya Pradesh,Chhindwara,Chhindwara,175052,627,22.06,78.94
Madhya Pradesh,Seoni,Seoni,102343,1411,22.09,79.54
Madhya Pradesh,Guna,Guna,180935,1636,24.65,77.32
Madhya Pradesh,Singrauli,Singrauli,220257,1908,24.2,82.65
Madhya Pradesh,Khandwa (East Nimar),Khandwa,200738,0,21.83,76.35
Madhya Pradesh,Burhanpur,Burhanpur,210886,1054,21.31,76.23
Gujarat,Kachchh,Bhuj,148834,5936,23.24,69.67
Gujarat,Kachchh,Gandhidham,247992,217,23.08,70.14
Gujarat,Banas Kantha,Palanpur,141592,787,24.18,72.43
Gujarat,Banas Kantha,Deesa,111160,1478,24.26,72.19
Gujarat,Patan ,Patan,133737,0,23.85,72.13
Gujarat,Mahesana,Mahesana,190753,843,23.6,72.4
Gujarat,Gandhinagar,Kalol,134426,488,22.61,73.46
Gujarat,Gandhinagar,Gandhinagar,292797,671,23.24,72.65
Gujarat,Ahmadabad,Ahmadabad,5577940,1866,23.03,72.58
Gujarat,Surendranagar,Surendranagar Dudhrej,177851,45,22.72,71.72
Gujarat,Rajkot,Morvi,210451,1070,22.82,70.83
Gujarat,Rajkot,Rajkot,1323363,1115,22.31,70.8
Gujarat,Rajkot,Gondal,112197,1145,21.96,70.79
Gujarat,Rajkot,Jetpur Navagadh,118302,0,21.75,70.62
Gujarat,Jamnagar,Jamnagar,600943,1901,22.47,70.06
Gujarat,Porbandar,Porbandar,152760,1145,21.64,69.61
Gujarat,Junagadh,Junagadh,319462,680,21.52,70.46
Gujarat,Junagadh,Veraval,171121,0,20.92,70.37
Gujarat,Amreli,Amreli,117967,833,21.6,71.22
Gujarat,Bhavnagar,Botad,130327,794,22.17,71.67
Gujarat,Bhavnagar,Bhavnagar,605882,2293,21.77,72.15
Gujarat,Anand ,Anand,209410,0,22.55,72.95
Gujarat,Kheda,Nadiad,225071,404,22.7,72.87
Gujarat,Panch Mahals,Godhra,143644,765,22.77,73.62
Gujarat,Dohad ,Dohad,118846,14,22.83,74.25
Gujarat,Vadodara,Vadodara,1752371,671,22.31,73.19
Gujarat,Bharuch,Bharuch,169007,634,21.71,73
Gujarat,Navsari ,Navsari,171109,0,20.95,72.93
Gujarat,Valsad,Valsad,139764,524,20.6,72.92
Gujarat,Valsad,Vapi,163630,0,20.37,72.92
Gujarat,Surat,Surat,4467797,326.515,21.17,72.83
Maharashtra,Nandurbar,Nandurbar,111037,1054,21.37,74.25
Maharashtra,Dhule,Dhule,375559,1972,20.9,74.77
Maharashtra,Jalgaon,Bhusawal,187421,453,21.05,75.8
Maharashtra,Jalgaon,Jalgaon,460228,822,21,75.56
Maharashtra,Akola,Akola,425817,1141,20.71,77
Maharashtra,Amravati,Achalpur,112311,667,21.25,77.5
Maharashtra,Amravati,Amravati,647057,904,20.94,77.78
Maharashtra,Wardha,Wardha,106444,775,20.73,78.6
Maharashtra,Wardha,Hinganghat,101805,911,20.55,78.84
Maharashtra,Nagpur,Nagpur,2405665,227.36,21.15,79.08
Maharashtra,Gondiya,Gondiya,132813,663,21.45,80.18
Maharashtra,Chandrapur,Chandrapur,320379,1180,19.97,79.3
Maharashtra,Yavatmal,Yavatmal,116551,1118,20.39,78.12
Maharashtra,Nanded,Nanded Waghala,550439,0,0,0
Maharashtra,Parbhani,Parbhani,307170,1131,19.26,76.77
Maharashtra,Jalna,Jalna,285577,1168,19.85,75.89
Maharashtra,Aurangabad,Aurangabad,1175116,1306,19.9,75.35
Maharashtra,Nashik,Malegaon,481228,1818,20.56,74.53
Maharashtra,Nashik,Nashik,1486053,891,20,73.79
Maharashtra,Thane,Vasai-Virar City,1222390,380,19.47,72.8
Maharashtra,Thane,Mira-Bhayandar,809378,79.4,19.3,72.85
Maharashtra,Thane,Thane,1841488,400,19.22,72.98
Maharashtra,Thane,Navi Mumbai,1120547,0,19.02,73.02
Maharashtra,Thane,Bhiwandi Nizampur,709665,0,19.29,73.06
Maharashtra,Thane,Kalyan-Dombivli,1247327,137.15,19.23,73.13
Maharashtra,Thane,Ulhasnagar,506098,13,19.22,73.15
Maharashtra,Thane,Badlapur,174226,35.68,19.17,73.24
Maharashtra,Thane,Ambarnath,253475,328,19.2,73.18
Maharashtra,Mumbai Suburban,Greater Mumbai,12478447,603,0,0
Maharashtra,Raigarh,Panvel,180020,613,18.98,73.1
Maharashtra,Raigarh,Navi Mumbai Panvel Raigarh,195373,0,0,0
Maharashtra,Pune,Pimpri Chinchwad,1727692,181,18.62,73.8
Maharashtra,Pune,Pune,3124458,331.26,18.52,73.86
Maharashtra,Ahmadnagar,Ahmadnagar,350859,39.3,19.08,74.73
Maharashtra,Bid,Bid,146709,45,18.99,75.76
Maharashtra,Latur,Latur,382940,1009,18.41,76.58
Maharashtra,Latur,Udgir,103550,736,18.39,77.11
Maharashtra,Osmanabad,Osmanabad,111825,1347,18.19,76.04
Maharashtra,Solapur,Barshi,118722,1542,18.23,75.68
Maharashtra,Solapur,Solapur,951558,180.67,17.66,75.91
Maharashtra,Satara,Satara,120195,911,17.69,74
Maharashtra,Kolhapur,Ichalkaranji,287353,49.84,16.71,74.46
Maharashtra,Kolhapur,Kolhapur,549236,66.82,16.69,74.24
Maharashtra,Sangli,Sangli Miraj Kupwad,502793,0,16.86,74.56
Andhra Pradesh,Adilabad,Adilabad,117167,35.5,19.67,78.53
Andhra Pradesh,Nizamabad,Nizamabad,311152,0,0,0
Andhra Pradesh,Karimnagar,Ramagundam,237559,93.87,18.75,79.47
Andhra Pradesh,Karimnagar,Jagtial,103930,45,18.8,78.93
Andhra Pradesh,Karimnagar,Karimnagar,283657,40.5,18.43,79.12
Andhra Pradesh,Hyderabad,GHMC,1730320,0,0,0
Andhra Pradesh,Hyderabad,GHMC,250932,0,0,0
Andhra Pradesh,Hyderabad,GHMC,135370,0,0,0
Andhra Pradesh,Hyderabad,Secunderabad,217910,64.5,17.45,78.5
Andhra Pradesh,Hyderabad,GHMC,172542,0,0,0
Andhra Pradesh,Hyderabad,GHMC,341099,0,0,0
Andhra Pradesh,Hyderabad,GHMC,153558,0,0,0
Andhra Pradesh,Hyderabad,GHMC,108062,0,0,0
Andhra Pradesh,Hyderabad,GHMC,189378,0,0,0
Andhra Pradesh,Hyderabad,GHMC,271385,0,0,0
Andhra Pradesh,Hyderabad,GHMC,442229,0,0,0
Andhra Pradesh,Hyderabad,GHMC,213359,0,0,0
Andhra Pradesh,Hyderabad,GHMC,468158,0,0,0
Andhra Pradesh,Hyderabad,GHMC,330193,0,0,0
Andhra Pradesh,Hyderabad,GHMC,237594,0,0,0
Andhra Pradesh,Hyderabad,GHMC,345722,0,0,0
Andhra Pradesh,Rangareddy,GHMC,309320,0,0,0
Andhra Pradesh,Rangareddy,GHMC,567996,0,0,0
Andhra Pradesh,Rangareddy,GHMC,383654,0,0,0
Andhra Pradesh,Rangareddy,GHMC,413571,0,0,0
Andhra Pradesh,Rangareddy,GHMC,105987,0,0,0
Andhra Pradesh,Rangareddy,GHMC,384835,0,0,0
Andhra Pradesh,Rangareddy,GHMC,118577,0,0,0
Andhra Pradesh,Rangareddy,GHMC,369034,0,0,0
Andhra Pradesh,Rangareddy,GHMC,229823,0,0,0
Andhra Pradesh,Mahbubnagar,Mahbubnagar,190400,0,16.75,78
Andhra Pradesh,Nalgonda,Suryapet,106805,35,17.13,79.62
Andhra Pradesh,Nalgonda,Nalgonda,154326,105,17.05,79.27
Andhra Pradesh,Nalgonda,Miryalaguda,104918,28.36,16.87,79.58
Andhra Pradesh,Warangal,Warangal,620116,406.87,18,79.59
Andhra Pradesh,Khammam,Khammam,184210,93.45,17.25,80.17
Andhra Pradesh,Srikakulam,Srikakulam,135367,136,18.3,83.9
Andhra Pradesh,Vizianagaram,Vizianagaram,228720,140,18.11,83.4
Andhra Pradesh,Visakhapatnam,GVMC,1730320,0,0,0
Andhra Pradesh,East Godavari,Rajahmundry,341831,45,17,81.78
Andhra Pradesh,East Godavari,Kakinada,312538,192.3,16.99,82.25
Andhra Pradesh,West Godavari,Tadepalligudem,104032,217,16.81,81.53
Andhra Pradesh,West Godavari,Eluru,218020,235,16.7,81.1
Andhra Pradesh,West Godavari,Bhimavaram,146961,194,16.54,81.52
Andhra Pradesh,Krishna,Vijayawada,1021806,61.88,16.52,80.63
Andhra Pradesh,Krishna,Gudivada,118167,117,16.44,80.99
Andhra Pradesh,Krishna,Machilipatnam,169892,405,16.17,81.13
Andhra Pradesh,Guntur,Mangalagiri,107197,141,16.43,80.55
Andhra Pradesh,Guntur,Narasaraopet,117489,236,16.25,80.07
Andhra Pradesh,Guntur,Chilakaluripet,101398,15,16.09,80.17
Andhra Pradesh,Guntur,Guntur,670073,193,16.31,80.44
Andhra Pradesh,Guntur,Tenali,164937,114,16.24,80.65
Andhra Pradesh,Prakasam,Ongole,204746,204,15.51,80.05
Andhra Pradesh,Sri Potti Sriramulu Nellore,Nellore,547621,343,14.44,79.99
Andhra Pradesh,Y.S.R.,Proddatur,163970,21.06,14.75,78.55
Andhra Pradesh,Y.S.R.,Kadapa,318916,164.08,14.48,78.8
Andhra Pradesh,Kurnool,Kurnool,424920,341,15.83,78.03
Andhra Pradesh,Kurnool,Adoni,184625,544,15.62,77.27
Andhra Pradesh,Kurnool,Nandyal,211424,222,15.48,78.48
Andhra Pradesh,Anantapur,Guntakal,126270,402,15.17,77.37
Andhra Pradesh,Anantapur,Tadpatri,108171,361,14.92,78.02
Andhra Pradesh,Anantapur,Anantapur,261004,278,14.69,77.6
Andhra Pradesh,Anantapur,Dharmavaram,121874,375,14.41,77.71
Andhra Pradesh,Anantapur,Hindupur,151677,200,13.82,77.48
Andhra Pradesh,Chittoor,Tirupati,293421,27.44,13.63,79.42
Andhra Pradesh,Chittoor,Madanapalle,180180,347,13.55,78.5
Andhra Pradesh,Chittoor,Chittoor,160722,177,13.22,79.1
Karnataka,Belgaum,Belgaum,490045,1032,15.85,74.5
Karnataka,Bagalkot,Bagalkot,111933,925,16.17,75.68
Karnataka,Bijapur,Bijapur,327427,2648,16.83,75.73
Karnataka,Bidar,Bidar,216020,908,17.92,77.52
Karnataka,Raichur,Raichur,234073,1546,16.2,77.36
Karnataka,Koppal,Gangawati,114642,1334,15.43,76.53
Karnataka,Gadag,Gadag-Betigeri,172612,54.01,15.42,75.62
Karnataka,Dharwad,Hubli-Dharwad,943788,0,0,0
Karnataka,Haveri,Ranibennur,106406,901,14.62,75.62
Karnataka,Bellary,Hospet,206167,934,15.27,76.38
Karnataka,Bellary,Bellary,410445,1689,15.1,76.92
Karnataka,Chitradurga,Chitradurga,145853,1383,14.23,76.4
Karnataka,Davanagere,Davanagere,434971,958,14.46,75.92
Karnataka,Shimoga,Shimoga,322650,1114,13.93,75.57
Karnataka,Shimoga,Bhadravati,151102,686,13.84,75.7
Karnataka,Udupi,Udupi,144960,939,13.34,74.74
Karnataka,Chikmagalur,Chikmagalur,118401,1592,13.3,75.73
Karnataka,Tumkur,Tumkur,302143,1028,13.33,77.1
Karnataka,Bangalore,BBMP,8443675,0,0,0
Karnataka,Mandya,Mandya,137358,713,12.52,76.89
Karnataka,Hassan,Hassan,155006,933,13.01,76.1
Karnataka,Dakshina Kannada,Mangalore,499487,865,12.8,74.83
Karnataka,Mysore,Mysore,920550,797,12.3,76.65
Karnataka,Gulbarga,Gulbarga,543147,1741,17.32,76.82
Karnataka,Kolar,Kolar,138462,792,13.13,78.13
Karnataka,Kolar,Robertson Pet,162230,58.12,12.95,78.27
Kerala,Kasaragod,Kanhangad,125564,140,12.3,75.08
Kerala,Kozhikode,Kozhikode,550440,1032,11.26,75.78
Kerala,Malappuram,Malappuram,101386,33.61,11.07,76.07
Kerala,Palakkad,Palakkad,130955,713,10.78,76.65
Kerala,Thrissur,Thrissur,315957,630,10.53,76.21
Kerala,Ernakulam,Kochi,601574,129,9.97,76.28
Kerala,Alappuzha,Alappuzha,240991,46.2,9.5,76.34
Kerala,Kollam,Kollam,350131,380,8.89,76.61
Kerala,Thiruvananthapuram,Thiruvananthapuram,762535,308,8.52,76.94
Tamil Nadu,Thiruvallur,Avadi,345996,65,13.12,80.1
Tamil Nadu,Thiruvallur,Ambattur,466205,180,13.08,80.15
Tamil Nadu,Thiruvallur,Tiruvottiyur,249446,0,13.17,80.3
Tamil Nadu,Thiruvallur,Madavaram,119105,0,13.15,80.23
Tamil Nadu,Chennai,Chennai,4646732,426,13.07,80.24
Tamil Nadu,Kancheepuram,Tambaram,174787,62,12.93,80.12
Tamil Nadu,Kancheepuram,Alandur,164430,89,13,80.2
Tamil Nadu,Kancheepuram,Pallavaram,215417,18,12.98,80.18
Tamil Nadu,Kancheepuram,Kancheepuram,164384,636,12.83,79.7
Tamil Nadu,Vellore,Vellore,185803,877,12.93,79.15
Tamil Nadu,Vellore,Ambur,114608,558,12.79,78.72
Tamil Nadu,Tiruvannamalai,Tiruvannamalai,145278,974,12.23,79.07
Tamil Nadu,Salem,Salem,829267,539,11.66,78.15
Tamil Nadu,Erode,Erode,157101,768,11.34,77.73
Tamil Nadu,Dindigul,Dindigul,207327,1139,10.37,77.97
Tamil Nadu,Tiruchirappalli,Tiruchirappalli,847387,71,10.8,78.68
Tamil Nadu,Cuddalore,Cuddalore,173636,308,11.74,79.77
Tamil Nadu,Cuddalore,Neyveli,105731,0,11.53,79.48
Tamil Nadu,Nagapattinam ,Nagapattinam,102905,17.92,10.77,79.83
Tamil Nadu,Thanjavur,Kumbakonam,140156,277,10.96,79.38
Tamil Nadu,Thanjavur,Thanjavur,222943,616,10.79,79.14
Tamil Nadu,Pudukkottai,Pudukkottai,117630,324,10.38,78.82
Tamil Nadu,Sivaganga,Karaikkudi,106714,600,10.07,78.78
Tamil Nadu,Madurai,Madurai,1017865,147.97,9.94,78.12
Tamil Nadu,Virudhunagar,Rajapalayam,130442,466,9.45,77.55
Tamil Nadu,Thoothukkudi,Thoothukkudi,237830,362,8.82,78.13
Tamil Nadu,Tirunelveli,Tirunelveli,473637,569,8.74,77.69
Tamil Nadu,Kanniyakumari,Nagercoil,224849,49.371,8.17,77.43
Tamil Nadu,Krishnagiri,Hosur,116821,958,12.74,77.83
Tamil Nadu,Coimbatore,Coimbatore,1050721,246.75,11.02,76.97
Tamil Nadu,Coimbatore,Kurichi,123667,0,10.97,77.02
Tamil Nadu,Tiruppur,Tiruppur,444352,372,11.11,77.35
Puducherry,Puducherry,Puducherry,244377,483,11.9,79.8
Puducherry,Puducherry,Ozhukarai,300104,0,11.95,79.77
Andaman & Nicobar Islands,South Andaman,Port Blair,108058,548,11.62,92.73
